1,古屋謙二,フルヤケンジ,FuruyaKenji,男,0824346745,,09067801381,kenji28988@oicysyrte.bthgn.xjz,737-0045,広島県,呉市,本通,1-14,パーク本通312,ヒロシマケン,クレシ,ホンドオリ,1-14,パークホンドオリ312,Hiroshimaken,Kureshi,Hondoori,1-14,Pa-kuhondoori312,1965/08/27,56,岐阜県,B,740,nEp18ESA
2,滝口努,タキグチツトム,TakiguchiTsutomu,男,0971957253,,09075166355,tsutomutakiguchi@csgfeybfm.mjq.xlt,876-0831,大分県,佐伯市,大手町,1-13-2,,オオイタケン,サイキシ,オオテマチ,1-13-2,,Ooitaken,Saikishi,Ootemachi,1-13-2,,1982/04/30,40,沖縄県,A,224,x-6B8ksH
3,高坂直吉,コウサカナオキチ,KousakaNaokichi,男,0194106350,,,naokichi408@rflj.angu.ye,028-8804,岩手県,九戸郡洋野町,帯島,4-10-15,帯島タウン107,イワテケン,クノヘグンヒロノチョウ,タイシマ,4-10-15,タイシマタウン107,Iwateken,Kunohegunhironochou,Taishima,4-10-15,Taishimataun107,1929/06/28,92,栃木県,A,846,pUZ6PyEk
4,畑中正美,ハタナカマサミ,HatanakaMasami,女,088734115,088734116,08091897738,masami53175@sqdz.gf.dqf,781-8124,高知県,高知市,屋頭,2-5-18,,コウチケン,コウチシ,ヤガシラ,2-5-18,,Kouchiken,Kouchishi,Yagashira,2-5-18,,1995/08/08,26,兵庫県,A,637,KfMl_fne
5,長谷部祐介,ハセベユウスケ,HasebeYuusuke,男,0238166943,0238166943,09081699420,yuusuke520@witoux.jc.tsk,990-2493,山形県,山形市,美畑町,2-2-5,,ヤマガタケン,ヤマガタシ,ミハタチョウ,2-2-5,,Yamagataken,Yamagatashi,Mihatachou,2-2-5,,1989/12/07,32,愛媛県,B,29,1EBwMqcr
6,勝田遥香,カツタハルカ,KatsutaHaruka,女,0955439335,,,harukakatsuta@xqlkah.leybn.zq,849-0926,佐賀県,佐賀市,若宮,4-11-3,若宮庵302,サガケン,サガシ,ワカミヤ,4-11-3,ワカミヤアン302,Sagaken,Sagashi,Wakamiya,4-11-3,Wakamiyaan302,1938/01/04,84,三重県,A,684,xYSeBmqo
7,森山欽也,モリヤマキンヤ,MoriyamaKinya,男,0531898855,,09039518631,Kinya_Moriyama@pwaxscd.alp.vt,410-2519,静岡県,伊豆市,戸倉野,3-1-13,戸倉野ダイヤモンド105,シズオカケン,イズシ,トクラノ,3-1-13,トクラノダイヤモンド105,Shizuokaken,Izushi,Tokurano,3-1-13,Tokuranodaiyamondo105,1990/08/10,31,大阪府,A,183,mLqvnBOt
8,村岡道春,ムラオカミチハル,MuraokaMichiharu,男,0983764682,0983764683,,michiharu6485@bivfbfdpbf.ncs,889-1301,宮崎県,児湯郡川南町,川南,1-8,,ミヤザキケン,コユグンカワミナミチョウ,カワミナミ,1-8,,Miyazakiken,Koyugunkawaminamichou,Kawaminami,1-8,,1960/12/28,61,茨城県,O,738,yXdyZ_d1
9,尾上昭治,オガミショウジ,OgamiShouji,男,0271321675,,08053776171,iogami@dqrajcdoj.hylq.chb,370-0831,群馬県,高崎市,あら町,3-2-13,,グンマケン,タカサキシ,アラマチ,3-2-13,,Gunmaken,Takasakishi,Aramachi,3-2-13,,1947/09/09,74,新潟県,AB,862,yil3CXoe
10,安部三夫,アベミツオ,AbeMitsuo,男,0583568590,0583568590,09091375762,nopfnezhwmitsuo8655@jwodjyqu.ce,502-0838,岐阜県,岐阜市,長良丘,2-3-9,長良丘ヒル201,ギフケン,ギフシ,ナガラオカ,2-3-9,ナガラオカヒル201,Gifuken,Gifushi,Nagaraoka,2-3-9,Nagaraokahiru201,1966/10/22,55,秋田県,A,439,BBOdr1x3
